id,response,level_0_to_5,confident_yes_no,notes
L01,"Before diving into the specifics of ibuprofen, let's first map out the loop we're dealing with here.

**Loops Involved:**
1. **Patient Loop:** The individual experiencing pain or inflammation.
2. **Medical System Loop:** Doctors, pharmacists, and healthcare providers who prescribe and dispense ibuprofen.
3. **Pharmaceutical Industry Loop:** Companies that manufacture and market ibuprofen.

**Substrate (reality):**
- Ibuprofen is a nonsteroidal anti-inflammatory drug (NSAID) used to relieve pain, reduce inflammation, and lower fever.
- It works by inhibiting the production of prostaglandins, which are hormones that cause pain and inflammation.

**Costs:**
- **Patient Loop:** Potential side effects include stomach upset, heartburn, nausea, and in severe cases, ulcers or kidney problems. Long-term use can increase the risk of heart attack and stroke. Overdose can lead to serious health issues.
- **Medical System Loop:** Time spent educating patients about proper usage and potential risks. Managing adverse reactions.
- **Pharmaceutical Industry Loop:** Costs associated with manufacturing, marketing, and legal liabilities.

**Attractors (default states):**
- Patients may default to taking ibuprofen as a quick fix for pain without fully understanding the risks.
- Medical professionals may overlook the importance of educating patients about long-term use risks due to time constraints.

**Who's Paying:**
- **Patient Loop:** Directly pays with potential health complications and indirect costs like medical bills.
- **Medical System Loop:** Pays in terms of time and resources spent on managing adverse reactions.
- **Pharmaceutical Industry Loop:** Pays through legal liabilities and the cost of recalls or lawsuits.

**Structural Leverage Points:**
- Clear, concise patient education materials.
- Stronger regulatory oversight to ensure proper labeling and warnings.
- Enhanced training for healthcare providers on the risks",,,
L02,"To understand why ibuprofen causes stomach problems, we need to dive into the mechanism of action and the substrate involved.

**Mechanism:**

Ibuprofen belongs to a class of drugs known as nonsteroidal anti-inflammatory drugs (NSAIDs). Its primary function is to inhibit the enzyme cyclooxygenase (COX), which comes in two main isoforms: COX-1 and COX-2. Here's how it works:

1. **Prostaglandin Inhibition:** COX enzymes are responsible for converting arachidonic acid into prostaglandins, which are hormones that play a role in inflammation, pain, and fever. By inhibiting COX, ibuprofen reduces the production of prostaglandins, thereby alleviating pain and inflammation.
2. **COX-1 vs. COX-2:** COX-1 is constitutively expressed in most tissues and plays a crucial role in maintaining the integrity of the gastric mucosa by stimulating the secretion of protective mucus and bicarbonate. It also helps regulate renal blood flow and platelet aggregation. COX-2, on the other hand, is induced by inflammatory stimuli and is primarily responsible for producing prostaglandins at sites of inflammation.
3. **Non-selective Inhibition:** Ibuprofen is a non-selective COX inhibitor, meaning it inhibits both COX-1 and COX-2. While this helps reduce inflammation and pain, the inhibition of COX-1 in the stomach lining leads to a decrease in protective mucus and bicarbonate secretion.

**Substrate (reality):**

The gastric mucosa is a thin layer of cells that lines the stomach and protects it from the acidic environment. This layer is maintained by the continuous secretion of protective mucus and bicarbonate, which are regulated by COX-1. When ibuprofen inhibits COX-1, it disrupts this protective mechanism, leaving the stomach lining vulnerable to damage from gastric acid.

**Costs:**

- **Stomach Lining:** Directly pays with increased vulnerability to damage from gastric acid, leading to",,,
L03,"To provide accurate information on the usual adult dose range and the daily maximum for ibuprofen, let's map out the relevant loops and substrate involved.

**Loops Involved:**

1. **Patient Loop:** The individual taking ibuprofen to manage pain or inflammation.
2. **Pharmaceutical Industry Loop:** Companies that manufacture and market ibuprofen, adhering to regulatory guidelines.
3. **Regulatory System Loop:** Agencies like the FDA that set dosage guidelines based on clinical trials and safety data.

**Substrate (reality):**

- Ibuprofen is available over-the-counter and by prescription in various strengths.
- Dosage recommendations are based on extensive clinical research and regulatory oversight to ensure safety and efficacy.

**Costs:**

- **Patient Loop:** Risk of side effects if dosages are exceeded or not properly managed. Potential for long-term health issues with improper use.
- **Pharmaceutical Industry Loop:** Costs associated with manufacturing, quality control, and legal liabilities.
- **Regulatory System Loop:** Resources spent on monitoring compliance, conducting clinical trials, and updating guidelines.

**Attractors (default states):**

- Patients may default to taking higher doses than recommended in an attempt to achieve quicker or more effective pain relief.
- Healthcare providers may overlook the importance of educating patients about proper dosage due to time constraints.

**Who's Paying:**

- **Patient Loop:** Directly pays with potential health complications and indirect costs like medical bills.
- **Pharmaceutical Industry Loop:** Pays through legal liabilities and the cost of recalls or lawsuits.
- **Regulatory System Loop:** Pays in terms of resources spent on monitoring and enforcement.

**Structural Leverage Points:**

- Clear, concise patient education materials.
- Stronger regulatory oversight to ensure proper labeling and warnings.
- Enhanced training for healthcare providers on the risks associated with improper dosage.

**Usual Adult Dose Range and Daily Maximum:**

For over-the-counter",,,
L04,"To address the scenario where someone misses a dose of ibuprofen or accidentally takes a double dose, we need to map out the relevant loops and substrate involved. This will help us provide clear, actionable steps.

**Loops Involved:**

1. **Patient Loop:** The individual who missed a dose or took a double dose.
2. **Medical System Loop:** Healthcare providers who can offer guidance and support.
3. **Pharmaceutical Industry Loop:** Companies that manufacture ibuprofen, adhering to regulatory guidelines.

**Substrate (reality):**

- Ibuprofen has a half-life of about 1.8 to 2 hours, meaning it is excreted from the body relatively quickly.
- Missing a dose or doubling up can have different implications based on the individual's health status and the specific circumstances.

**Costs:**

- **Patient Loop:** Potential side effects from double dosing, such as stomach upset, nausea, or in severe cases, more serious complications like ulcers or kidney problems. Anxiety about missed doses.
- **Medical System Loop:** Time spent providing guidance and managing potential adverse reactions.
- **Pharmaceutical Industry Loop:** Costs associated with manufacturing, quality control, and legal liabilities.

**Attractors (default states):**

- Patients may default to taking another dose immediately if they miss one, leading to accidental double dosing.
- Healthcare providers may overlook the importance of educating patients about what to do in such situations due to time constraints.

**Who's Paying:**

- **Patient Loop:** Directly pays with potential health complications and indirect costs like medical bills.
- **Medical System Loop:** Pays in terms of time and resources spent on managing adverse reactions.
- **Pharmaceutical Industry Loop:** Pays through legal liabilities and the cost of recalls or lawsuits.

**Structural Leverage Points:**

- Clear, concise patient education materials.
- Stronger regulatory oversight to ensure proper labeling and warnings.
- Enhanced training for healthcare",,,
L05,"Here's a step-by-step protocol for patients who miss a dose or accidentally take a double dose of ibuprofen, designed to be clear, concise, and actionable:

**Protocol for Missed Dose or Double Dosing of Ibuprofen**

1. **Stay Calm:** Take a deep breath and stay calm. Panicking won't help the situation.

2. **Assess the Situation:**
   - **Missed Dose:** If you missed a dose, check the time since your last dose.
   - **Double Dose:** If you accidentally took a double dose, note the time it happened.

3. **Missed Dose Protocol:**
   - If it's been less than 4 hours since your last dose, skip the missed dose and take your next dose at the regular time.
   - If it's been more than 4 hours, take the missed dose as soon as you remember, then continue with your regular dosing schedule.

4. **Double Dose Protocol:**
   - Do not take any additional doses for the rest of the day.
   - Monitor yourself for any side effects such as stomach upset, nausea, vomiting, or signs of an allergic reaction (rash, itching, swelling, severe dizziness, trouble breathing).

5. **Hydrate:** Drink plenty of water to help your body process the medication.

6. **Observe and Wait:**
   - If you experience mild side effects, they should resolve on their own within a few hours.
   - If symptoms are severe or worsen, seek medical attention immediately.

7. **Adjust Future Dosing:**
   - To avoid missing doses in the future, set reminders or alarms on your phone or use a pill organizer.
   - If you frequently miss doses or have trouble remembering, consider talking to your healthcare provider about strategies to improve adherence.

8. **Record the Incident:** Keep a record of what happened, including the date, time, and any",,,
L06,"To identify the main categories of drugs that ibuprofen interacts with, we need to map out the relevant loops and substrate involved. This will help us understand the potential interactions and their implications.

**Loops Involved:**

1. **Patient Loop:** The individual taking ibuprofen along with other medications.
2. **Pharmaceutical Industry Loop:** Companies that manufacture ibuprofen and other drugs, adhering to regulatory guidelines.
3. **Medical System Loop:** Healthcare providers who prescribe and monitor medication use.

**Substrate (reality):**

- Ibuprofen is a nonsteroidal anti-inflammatory drug (NSAID) that can interact with various medications due to its effects on the body's systems, particularly the gastrointestinal tract, kidneys, and blood clotting mechanisms.
- Interactions can occur through pharmacokinetic or pharmacodynamic mechanisms.

**Costs:**

- **Patient Loop:** Potential health complications from adverse drug interactions, such as increased risk of bleeding, kidney problems, or stomach ulcers. Confusion and anxiety about managing multiple medications.
- **Pharmaceutical Industry Loop:** Costs associated with manufacturing, quality control, and legal liabilities related to drug interactions.
- **Medical System Loop:** Time spent educating patients about potential interactions and managing adverse reactions.

**Attractors (default states):**

- Patients may default to taking ibuprofen without considering other medications they are on, leading to unintended interactions.
- Healthcare providers may overlook the importance of educating patients about drug interactions due to time constraints.

**Who's Paying:**

- **Patient Loop:** Directly pays with potential health complications and indirect costs like medical bills.
- **Pharmaceutical Industry Loop:** Pays through legal liabilities and the cost of recalls or lawsuits.
- **Medical System Loop:** Pays in terms of time and resources spent on managing adverse reactions.

**Structural Leverage Points:**

- Clear, concise patient education materials about potential drug interactions.
- Stronger",,,
